,Official Symbol Interactor A,Official Symbol Interactor B,Experimental System,Experimental System Type,Author,Publication Source,Organism Interactor A,Organism Interactor B,Source Database
0,RCHY1,CAMK2D,Affinity Capture-Western,physical,Ma-Lauer Y (2016),PUBMED:27519799,9606,9606,BIOGRID
1,E,AP3B1,Affinity Capture-MS,physical,Gordon DE (2020),DOI:10.1101/2020.03.22.002386,2697049,9606,BIOGRID
2,E,BRD4,Affinity Capture-MS,physical,Gordon DE (2020),DOI:10.1101/2020.03.22.002386,2697049,9606,BIOGRID
3,E,BRD2,Affinity Capture-MS,physical,Gordon DE (2020),DOI:10.1101/2020.03.22.002386,2697049,9606,BIOGRID
4,E,CWC27,Affinity Capture-MS,physical,Gordon DE (2020),DOI:10.1101/2020.03.22.002386,2697049,9606,BIOGRID
5,E,ZC3H18,Affinity Capture-MS,physical,Gordon DE (2020),DOI:10.1101/2020.03.22.002386,2697049,9606,BIOGRID
6,E,SLC44A2,Affinity Capture-MS,physical,Gordon DE (2020),DOI:10.1101/2020.03.22.002386,2697049,9606,BIOGRID
7,M,PMPCB,Affinity Capture-MS,physical,Gordon DE (2020),DOI:10.1101/2020.03.22.002386,2697049,9606,BIOGRID
8,M,YIF1A,Affinity Capture-MS,physical,Gordon DE (2020),DOI:10.1101/2020.03.22.002386,2697049,9606,BIOGRID
9,M,ATP1B1,Affinity Capture-MS,physical,Gordon DE (2020),DOI:10.1101/2020.03.22.002386,2697049,9606,BIOGRID
10,M,ACADM,Affinity Capture-MS,physical,Gordon DE (2020),DOI:10.1101/2020.03.22.002386,2697049,9606,BIOGRID
11,M,ETFA,Affinity Capture-MS,physical,Gordon DE (2020),DOI:10.1101/2020.03.22.002386,2697049,9606,BIOGRID
12,M,STOM,Affinity Capture-MS,physical,Gordon DE (2020),DOI:10.1101/2020.03.22.002386,2697049,9606,BIOGRID
13,M,GGCX,Affinity Capture-MS,physical,Gordon DE (2020),DOI:10.1101/2020.03.22.002386,2697049,9606,BIOGRID
14,M,ATP6V1A,Affinity Capture-MS,physical,Gordon DE (2020),DOI:10.1101/2020.03.22.002386,2697049,9606,BIOGRID
15,M,PSMD8,Affinity Capture-MS,physical,Gordon DE (2020),DOI:10.1101/2020.03.22.002386,2697049,9606,BIOGRID
16,M,REEP5,Affinity Capture-MS,physical,Gordon DE (2020),DOI:10.1101/2020.03.22.002386,2697049,9606,BIOGRID
17,M,PMPCA,Affinity Capture-MS,physical,Gordon DE (2020),DOI:10.1101/2020.03.22.002386,2697049,9606,BIOGRID
18,M,ANO6,Affinity Capture-MS,physical,Gordon DE (2020),DOI:10.1101/2020.03.22.002386,2697049,9606,BIOGRID
19,M,PITRM1,Affinity Capture-MS,physical,Gordon DE (2020),DOI:10.1101/2020.03.22.002386,2697049,9606,BIOGRID
20,M,SLC30A9,Affinity Capture-MS,physical,Gordon DE (2020),DOI:10.1101/2020.03.22.002386,2697049,9606,BIOGRID
21,M,FASTKD5,Affinity Capture-MS,physical,Gordon DE (2020),DOI:10.1101/2020.03.22.002386,2697049,9606,BIOGRID
22,M,SLC30A7,Affinity Capture-MS,physical,Gordon DE (2020),DOI:10.1101/2020.03.22.002386,2697049,9606,BIOGRID
23,M,TUBGCP3,Affinity Capture-MS,physical,Gordon DE (2020),DOI:10.1101/2020.03.22.002386,2697049,9606,BIOGRID
24,M,ADCK4,Affinity Capture-MS,physical,Gordon DE (2020),DOI:10.1101/2020.03.22.002386,2697049,9606,BIOGRID
25,M,SAAL1,Affinity Capture-MS,physical,Gordon DE (2020),DOI:10.1101/2020.03.22.002386,2697049,9606,BIOGRID
26,M,REEP6,Affinity Capture-MS,physical,Gordon DE (2020),DOI:10.1101/2020.03.22.002386,2697049,9606,BIOGRID
27,M,INTS4,Affinity Capture-MS,physical,Gordon DE (2020),DOI:10.1101/2020.03.22.002386,2697049,9606,BIOGRID
28,M,SLC25A21,Affinity Capture-MS,physical,Gordon DE (2020),DOI:10.1101/2020.03.22.002386,2697049,9606,BIOGRID
29,M,TUBGCP2,Affinity Capture-MS,physical,Gordon DE (2020),DOI:10.1101/2020.03.22.002386,2697049,9606,BIOGRID
30,M,TARS2,Affinity Capture-MS,physical,Gordon DE (2020),DOI:10.1101/2020.03.22.002386,2697049,9606,BIOGRID
31,M,RTN4,Affinity Capture-MS,physical,Gordon DE (2020),DOI:10.1101/2020.03.22.002386,2697049,9606,BIOGRID
32,M,FAM8A1,Affinity Capture-MS,physical,Gordon DE (2020),DOI:10.1101/2020.03.22.002386,2697049,9606,BIOGRID
33,M,AASS,Affinity Capture-MS,physical,Gordon DE (2020),DOI:10.1101/2020.03.22.002386,2697049,9606,BIOGRID
34,M,AKAP8L,Affinity Capture-MS,physical,Gordon DE (2020),DOI:10.1101/2020.03.22.002386,2697049,9606,BIOGRID
35,M,AAR2,Affinity Capture-MS,physical,Gordon DE (2020),DOI:10.1101/2020.03.22.002386,2697049,9606,BIOGRID
36,M,BZW2,Affinity Capture-MS,physical,Gordon DE (2020),DOI:10.1101/2020.03.22.002386,2697049,9606,BIOGRID
37,N,RRP9,Affinity Capture-MS,physical,Gordon DE (2020),DOI:10.1101/2020.03.22.002386,2697049,9606,BIOGRID
38,N,PABPC1,Affinity Capture-MS,physical,Gordon DE (2020),DOI:10.1101/2020.03.22.002386,2697049,9606,BIOGRID
39,N,CSNK2A2,Affinity Capture-MS,physical,Gordon DE (2020),DOI:10.1101/2020.03.22.002386,2697049,9606,BIOGRID
40,N,CSNK2B,Affinity Capture-MS,physical,Gordon DE (2020),DOI:10.1101/2020.03.22.002386,2697049,9606,BIOGRID
41,N,G3BP1,Affinity Capture-MS,physical,Gordon DE (2020),DOI:10.1101/2020.03.22.002386,2697049,9606,BIOGRID
42,N,PABPC4,Affinity Capture-MS,physical,Gordon DE (2020),DOI:10.1101/2020.03.22.002386,2697049,9606,BIOGRID
43,N,LARP1,Affinity Capture-MS,physical,Gordon DE (2020),DOI:10.1101/2020.03.22.002386,2697049,9606,BIOGRID
44,N,FAM98A,Affinity Capture-MS,physical,Gordon DE (2020),DOI:10.1101/2020.03.22.002386,2697049,9606,BIOGRID
45,N,SNIP1,Affinity Capture-MS,physical,Gordon DE (2020),DOI:10.1101/2020.03.22.002386,2697049,9606,BIOGRID
46,N,UPF1,Affinity Capture-MS,physical,Gordon DE (2020),DOI:10.1101/2020.03.22.002386,2697049,9606,BIOGRID
47,N,MOV10,Affinity Capture-MS,physical,Gordon DE (2020),DOI:10.1101/2020.03.22.002386,2697049,9606,BIOGRID
48,N,G3BP2,Affinity Capture-MS,physical,Gordon DE (2020),DOI:10.1101/2020.03.22.002386,2697049,9606,BIOGRID
49,N,DDX21,Affinity Capture-MS,physical,Gordon DE (2020),DOI:10.1101/2020.03.22.002386,2697049,9606,BIOGRID
50,N,RBM28,Affinity Capture-MS,physical,Gordon DE (2020),DOI:10.1101/2020.03.22.002386,2697049,9606,BIOGRID
51,N,RPL36,Affinity Capture-MS,physical,Gordon DE (2020),DOI:10.1101/2020.03.22.002386,2697049,9606,BIOGRID
52,S,GOLGA7,Affinity Capture-MS,physical,Gordon DE (2020),DOI:10.1101/2020.03.22.002386,2697049,9606,BIOGRID
53,S,ZDHHC5,Affinity Capture-MS,physical,Gordon DE (2020),DOI:10.1101/2020.03.22.002386,2697049,9606,BIOGRID
54,nsp1,POLA1,Affinity Capture-MS,physical,Gordon DE (2020),DOI:10.1101/2020.03.22.002386,2697049,9606,BIOGRID
55,nsp1,PRIM1,Affinity Capture-MS,physical,Gordon DE (2020),DOI:10.1101/2020.03.22.002386,2697049,9606,BIOGRID
56,nsp1,PRIM2,Affinity Capture-MS,physical,Gordon DE (2020),DOI:10.1101/2020.03.22.002386,2697049,9606,BIOGRID
57,nsp1,POLA2,Affinity Capture-MS,physical,Gordon DE (2020),DOI:10.1101/2020.03.22.002386,2697049,9606,BIOGRID
58,nsp1,COLGALT1,Affinity Capture-MS,physical,Gordon DE (2020),DOI:10.1101/2020.03.22.002386,2697049,9606,BIOGRID
59,nsp1,PKP2,Affinity Capture-MS,physical,Gordon DE (2020),DOI:10.1101/2020.03.22.002386,2697049,9606,BIOGRID
60,nsp10,AP2A2,Affinity Capture-MS,physical,Gordon DE (2020),DOI:10.1101/2020.03.22.002386,2697049,9606,BIOGRID
61,nsp10,GFER,Affinity Capture-MS,physical,Gordon DE (2020),DOI:10.1101/2020.03.22.002386,2697049,9606,BIOGRID
62,nsp10,ERGIC1,Affinity Capture-MS,physical,Gordon DE (2020),DOI:10.1101/2020.03.22.002386,2697049,9606,BIOGRID
63,nsp10,AP2M1,Affinity Capture-MS,physical,Gordon DE (2020),DOI:10.1101/2020.03.22.002386,2697049,9606,BIOGRID
64,nsp10,GRPEL1,Affinity Capture-MS,physical,Gordon DE (2020),DOI:10.1101/2020.03.22.002386,2697049,9606,BIOGRID
65,nsp11,TBCA,Affinity Capture-MS,physical,Gordon DE (2020),DOI:10.1101/2020.03.22.002386,2697049,9606,BIOGRID
66,nsp12,SBNO1,Affinity Capture-MS,physical,Gordon DE (2020),DOI:10.1101/2020.03.22.002386,2697049,9606,BIOGRID
67,nsp12,BCKDK,Affinity Capture-MS,physical,Gordon DE (2020),DOI:10.1101/2020.03.22.002386,2697049,9606,BIOGRID
68,nsp12,AKAP8,Affinity Capture-MS,physical,Gordon DE (2020),DOI:10.1101/2020.03.22.002386,2697049,9606,BIOGRID
69,nsp12,MYCBP2,Affinity Capture-MS,physical,Gordon DE (2020),DOI:10.1101/2020.03.22.002386,2697049,9606,BIOGRID
70,nsp12,SLU7,Affinity Capture-MS,physical,Gordon DE (2020),DOI:10.1101/2020.03.22.002386,2697049,9606,BIOGRID
71,nsp12,RIPK1,Affinity Capture-MS,physical,Gordon DE (2020),DOI:10.1101/2020.03.22.002386,2697049,9606,BIOGRID
72,nsp12,UBAP2L,Affinity Capture-MS,physical,Gordon DE (2020),DOI:10.1101/2020.03.22.002386,2697049,9606,BIOGRID
73,nsp12,TYSND1,Affinity Capture-MS,physical,Gordon DE (2020),DOI:10.1101/2020.03.22.002386,2697049,9606,BIOGRID
74,nsp12,PDZD11,Affinity Capture-MS,physical,Gordon DE (2020),DOI:10.1101/2020.03.22.002386,2697049,9606,BIOGRID
75,nsp12,PRRC2B,Affinity Capture-MS,physical,Gordon DE (2020),DOI:10.1101/2020.03.22.002386,2697049,9606,BIOGRID
76,nsp12,UBAP2,Affinity Capture-MS,physical,Gordon DE (2020),DOI:10.1101/2020.03.22.002386,2697049,9606,BIOGRID
77,nsp12,ZNF318,Affinity Capture-MS,physical,Gordon DE (2020),DOI:10.1101/2020.03.22.002386,2697049,9606,BIOGRID
78,nsp12,CRTC3,Affinity Capture-MS,physical,Gordon DE (2020),DOI:10.1101/2020.03.22.002386,2697049,9606,BIOGRID
79,nsp12,USP54,Affinity Capture-MS,physical,Gordon DE (2020),DOI:10.1101/2020.03.22.002386,2697049,9606,BIOGRID
80,nsp12,ZC3H7A,Affinity Capture-MS,physical,Gordon DE (2020),DOI:10.1101/2020.03.22.002386,2697049,9606,BIOGRID
81,nsp12,LARP4B,Affinity Capture-MS,physical,Gordon DE (2020),DOI:10.1101/2020.03.22.002386,2697049,9606,BIOGRID
82,nsp12,RBM41,Affinity Capture-MS,physical,Gordon DE (2020),DOI:10.1101/2020.03.22.002386,2697049,9606,BIOGRID
83,nsp12,TCF12,Affinity Capture-MS,physical,Gordon DE (2020),DOI:10.1101/2020.03.22.002386,2697049,9606,BIOGRID
84,nsp12,PPIL3,Affinity Capture-MS,physical,Gordon DE (2020),DOI:10.1101/2020.03.22.002386,2697049,9606,BIOGRID
85,nsp12,PLEKHA5,Affinity Capture-MS,physical,Gordon DE (2020),DOI:10.1101/2020.03.22.002386,2697049,9606,BIOGRID
86,nsp13,TBKBP1,Affinity Capture-MS,physical,Gordon DE (2020),DOI:10.1101/2020.03.22.002386,2697049,9606,BIOGRID
87,nsp13,CIT,Affinity Capture-MS,physical,Gordon DE (2020),DOI:10.1101/2020.03.22.002386,2697049,9606,BIOGRID
88,nsp13,HSBP1,Affinity Capture-MS,physical,Gordon DE (2020),DOI:10.1101/2020.03.22.002386,2697049,9606,BIOGRID
89,nsp13,PCNT,Affinity Capture-MS,physical,Gordon DE (2020),DOI:10.1101/2020.03.22.002386,2697049,9606,BIOGRID
90,nsp13,FGFR1OP,Affinity Capture-MS,physical,Gordon DE (2020),DOI:10.1101/2020.03.22.002386,2697049,9606,BIOGRID
91,nsp13,PRKAR2A,Affinity Capture-MS,physical,Gordon DE (2020),DOI:10.1101/2020.03.22.002386,2697049,9606,BIOGRID
92,nsp13,PRKACA,Affinity Capture-MS,physical,Gordon DE (2020),DOI:10.1101/2020.03.22.002386,2697049,9606,BIOGRID
93,nsp13,PRKAR2B,Affinity Capture-MS,physical,Gordon DE (2020),DOI:10.1101/2020.03.22.002386,2697049,9606,BIOGRID
94,nsp13,RDX,Affinity Capture-MS,physical,Gordon DE (2020),DOI:10.1101/2020.03.22.002386,2697049,9606,BIOGRID
95,nsp13,CENPF,Affinity Capture-MS,physical,Gordon DE (2020),DOI:10.1101/2020.03.22.002386,2697049,9606,BIOGRID
96,nsp13,TLE1,Affinity Capture-MS,physical,Gordon DE (2020),DOI:10.1101/2020.03.22.002386,2697049,9606,BIOGRID
97,nsp13,TLE3,Affinity Capture-MS,physical,Gordon DE (2020),DOI:10.1101/2020.03.22.002386,2697049,9606,BIOGRID
98,nsp13,AES,Affinity Capture-MS,physical,Gordon DE (2020),DOI:10.1101/2020.03.22.002386,2697049,9606,BIOGRID
99,nsp13,GOLGA3,Affinity Capture-MS,physical,Gordon DE (2020),DOI:10.1101/2020.03.22.002386,2697049,9606,BIOGRID
100,nsp13,GOLGA2,Affinity Capture-MS,physical,Gordon DE (2020),DOI:10.1101/2020.03.22.002386,2697049,9606,BIOGRID
101,nsp13,GOLGB1,Affinity Capture-MS,physical,Gordon DE (2020),DOI:10.1101/2020.03.22.002386,2697049,9606,BIOGRID
102,nsp13,GRIPAP1,Affinity Capture-MS,physical,Gordon DE (2020),DOI:10.1101/2020.03.22.002386,2697049,9606,BIOGRID
103,nsp13,CEP350,Affinity Capture-MS,physical,Gordon DE (2020),DOI:10.1101/2020.03.22.002386,2697049,9606,BIOGRID
104,nsp13,PDE4DIP,Affinity Capture-MS,physical,Gordon DE (2020),DOI:10.1101/2020.03.22.002386,2697049,9606,BIOGRID
105,nsp13,CEP135,Affinity Capture-MS,physical,Gordon DE (2020),DOI:10.1101/2020.03.22.002386,2697049,9606,BIOGRID
106,nsp13,CEP68,Affinity Capture-MS,physical,Gordon DE (2020),DOI:10.1101/2020.03.22.002386,2697049,9606,BIOGRID
107,nsp13,CNTRL,Affinity Capture-MS,physical,Gordon DE (2020),DOI:10.1101/2020.03.22.002386,2697049,9606,BIOGRID
108,nsp13,ERC1,Affinity Capture-MS,physical,Gordon DE (2020),DOI:10.1101/2020.03.22.002386,2697049,9606,BIOGRID
109,nsp13,GCC2,Affinity Capture-MS,physical,Gordon DE (2020),DOI:10.1101/2020.03.22.002386,2697049,9606,BIOGRID
110,nsp13,CLIP4,Affinity Capture-MS,physical,Gordon DE (2020),DOI:10.1101/2020.03.22.002386,2697049,9606,BIOGRID
111,nsp13,NIN,Affinity Capture-MS,physical,Gordon DE (2020),DOI:10.1101/2020.03.22.002386,2697049,9606,BIOGRID
112,nsp13,CEP112,Affinity Capture-MS,physical,Gordon DE (2020),DOI:10.1101/2020.03.22.002386,2697049,9606,BIOGRID
113,nsp13,MIPOL1,Affinity Capture-MS,physical,Gordon DE (2020),DOI:10.1101/2020.03.22.002386,2697049,9606,BIOGRID
114,nsp13,USP13,Affinity Capture-MS,physical,Gordon DE (2020),DOI:10.1101/2020.03.22.002386,2697049,9606,BIOGRID
115,nsp13,GCC1,Affinity Capture-MS,physical,Gordon DE (2020),DOI:10.1101/2020.03.22.002386,2697049,9606,BIOGRID
116,nsp13,JAKMIP1,Affinity Capture-MS,physical,Gordon DE (2020),DOI:10.1101/2020.03.22.002386,2697049,9606,BIOGRID
117,nsp13,CDK5RAP2,Affinity Capture-MS,physical,Gordon DE (2020),DOI:10.1101/2020.03.22.002386,2697049,9606,BIOGRID
118,nsp13,AKAP9,Affinity Capture-MS,physical,Gordon DE (2020),DOI:10.1101/2020.03.22.002386,2697049,9606,BIOGRID
119,nsp13,GORASP1,Affinity Capture-MS,physical,Gordon DE (2020),DOI:10.1101/2020.03.22.002386,2697049,9606,BIOGRID
120,nsp13,FYCO1,Affinity Capture-MS,physical,Gordon DE (2020),DOI:10.1101/2020.03.22.002386,2697049,9606,BIOGRID
121,nsp13,C1orf50,Affinity Capture-MS,physical,Gordon DE (2020),DOI:10.1101/2020.03.22.002386,2697049,9606,BIOGRID
122,nsp13,CEP250,Affinity Capture-MS,physical,Gordon DE (2020),DOI:10.1101/2020.03.22.002386,2697049,9606,BIOGRID
123,nsp13,TBK1,Affinity Capture-MS,physical,Gordon DE (2020),DOI:10.1101/2020.03.22.002386,2697049,9606,BIOGRID
124,nsp13,HOOK1,Affinity Capture-MS,physical,Gordon DE (2020),DOI:10.1101/2020.03.22.002386,2697049,9606,BIOGRID
125,nsp13,NINL,Affinity Capture-MS,physical,Gordon DE (2020),DOI:10.1101/2020.03.22.002386,2697049,9606,BIOGRID
126,nsp14,GLA,Affinity Capture-MS,physical,Gordon DE (2020),DOI:10.1101/2020.03.22.002386,2697049,9606,BIOGRID
127,nsp14,IMPDH2,Affinity Capture-MS,physical,Gordon DE (2020),DOI:10.1101/2020.03.22.002386,2697049,9606,BIOGRID
128,nsp14,SIRT5,Affinity Capture-MS,physical,Gordon DE (2020),DOI:10.1101/2020.03.22.002386,2697049,9606,BIOGRID
129,nsp15,NUTF2,Affinity Capture-MS,physical,Gordon DE (2020),DOI:10.1101/2020.03.22.002386,2697049,9606,BIOGRID
130,nsp15,ARF6,Affinity Capture-MS,physical,Gordon DE (2020),DOI:10.1101/2020.03.22.002386,2697049,9606,BIOGRID
131,nsp15,RNF41,Affinity Capture-MS,physical,Gordon DE (2020),DOI:10.1101/2020.03.22.002386,2697049,9606,BIOGRID
132,nsp2,SLC27A2,Affinity Capture-MS,physical,Gordon DE (2020),DOI:10.1101/2020.03.22.002386,2697049,9606,BIOGRID
133,nsp2,EIF4E2,Affinity Capture-MS,physical,Gordon DE (2020),DOI:10.1101/2020.03.22.002386,2697049,9606,BIOGRID
134,nsp2,POR,Affinity Capture-MS,physical,Gordon DE (2020),DOI:10.1101/2020.03.22.002386,2697049,9606,BIOGRID
135,nsp2,RAP1GDS1,Affinity Capture-MS,physical,Gordon DE (2020),DOI:10.1101/2020.03.22.002386,2697049,9606,BIOGRID
136,nsp2,KIAA1033,Affinity Capture-MS,physical,Gordon DE (2020),DOI:10.1101/2020.03.22.002386,2697049,9606,BIOGRID
137,nsp2,FKBP15,Affinity Capture-MS,physical,Gordon DE (2020),DOI:10.1101/2020.03.22.002386,2697049,9606,BIOGRID
138,nsp2,GIGYF2,Affinity Capture-MS,physical,Gordon DE (2020),DOI:10.1101/2020.03.22.002386,2697049,9606,BIOGRID
139,nsp4,IDE,Affinity Capture-MS,physical,Gordon DE (2020),DOI:10.1101/2020.03.22.002386,2697049,9606,BIOGRID
140,nsp4,TIMM10,Affinity Capture-MS,physical,Gordon DE (2020),DOI:10.1101/2020.03.22.002386,2697049,9606,BIOGRID
141,nsp4,ALG11,Affinity Capture-MS,physical,Gordon DE (2020),DOI:10.1101/2020.03.22.002386,2697049,9606,BIOGRID
142,nsp4,NUP210,Affinity Capture-MS,physical,Gordon DE (2020),DOI:10.1101/2020.03.22.002386,2697049,9606,BIOGRID
143,nsp4,C19orf52,Affinity Capture-MS,physical,Gordon DE (2020),DOI:10.1101/2020.03.22.002386,2697049,9606,BIOGRID
144,nsp4,DNAJC11,Affinity Capture-MS,physical,Gordon DE (2020),DOI:10.1101/2020.03.22.002386,2697049,9606,BIOGRID
145,nsp4,TIMM10B,Affinity Capture-MS,physical,Gordon DE (2020),DOI:10.1101/2020.03.22.002386,2697049,9606,BIOGRID
146,nsp4,TIMM9,Affinity Capture-MS,physical,Gordon DE (2020),DOI:10.1101/2020.03.22.002386,2697049,9606,BIOGRID
147,nsp5,HDAC2,Affinity Capture-MS,physical,Gordon DE (2020),DOI:10.1101/2020.03.22.002386,2697049,9606,BIOGRID
148,nsp5,GPX1,Affinity Capture-MS,physical,Gordon DE (2020),DOI:10.1101/2020.03.22.002386,2697049,9606,BIOGRID
149,nsp5,TRMT1,Affinity Capture-MS,physical,Gordon DE (2020),DOI:10.1101/2020.03.22.002386,2697049,9606,BIOGRID
150,nsp6,ATP5L,Affinity Capture-MS,physical,Gordon DE (2020),DOI:10.1101/2020.03.22.002386,2697049,9606,BIOGRID
151,nsp6,ATP6AP1,Affinity Capture-MS,physical,Gordon DE (2020),DOI:10.1101/2020.03.22.002386,2697049,9606,BIOGRID
152,nsp6,SIGMAR1,Affinity Capture-MS,physical,Gordon DE (2020),DOI:10.1101/2020.03.22.002386,2697049,9606,BIOGRID
153,nsp6,ATP13A3,Affinity Capture-MS,physical,Gordon DE (2020),DOI:10.1101/2020.03.22.002386,2697049,9606,BIOGRID
154,nsp7,AGPS,Affinity Capture-MS,physical,Gordon DE (2020),DOI:10.1101/2020.03.22.002386,2697049,9606,BIOGRID
155,nsp7,CYB5B,Affinity Capture-MS,physical,Gordon DE (2020),DOI:10.1101/2020.03.22.002386,2697049,9606,BIOGRID
156,nsp7,ACSL3,Affinity Capture-MS,physical,Gordon DE (2020),DOI:10.1101/2020.03.22.002386,2697049,9606,BIOGRID
157,nsp7,CYB5R3,Affinity Capture-MS,physical,Gordon DE (2020),DOI:10.1101/2020.03.22.002386,2697049,9606,BIOGRID
158,nsp7,RALA,Affinity Capture-MS,physical,Gordon DE (2020),DOI:10.1101/2020.03.22.002386,2697049,9606,BIOGRID
159,nsp7,COMT,Affinity Capture-MS,physical,Gordon DE (2020),DOI:10.1101/2020.03.22.002386,2697049,9606,BIOGRID
160,nsp7,RAB5C,Affinity Capture-MS,physical,Gordon DE (2020),DOI:10.1101/2020.03.22.002386,2697049,9606,BIOGRID
161,nsp7,RAB7A,Affinity Capture-MS,physical,Gordon DE (2020),DOI:10.1101/2020.03.22.002386,2697049,9606,BIOGRID
162,nsp7,RAB8A,Affinity Capture-MS,physical,Gordon DE (2020),DOI:10.1101/2020.03.22.002386,2697049,9606,BIOGRID
163,nsp7,RAB2A,Affinity Capture-MS,physical,Gordon DE (2020),DOI:10.1101/2020.03.22.002386,2697049,9606,BIOGRID
164,nsp7,RAB10,Affinity Capture-MS,physical,Gordon DE (2020),DOI:10.1101/2020.03.22.002386,2697049,9606,BIOGRID
165,nsp7,RAB14,Affinity Capture-MS,physical,Gordon DE (2020),DOI:10.1101/2020.03.22.002386,2697049,9606,BIOGRID
166,nsp7,RHOA,Affinity Capture-MS,physical,Gordon DE (2020),DOI:10.1101/2020.03.22.002386,2697049,9606,BIOGRID
167,nsp7,RAB1A,Affinity Capture-MS,physical,Gordon DE (2020),DOI:10.1101/2020.03.22.002386,2697049,9606,BIOGRID
168,nsp7,GNB1,Affinity Capture-MS,physical,Gordon DE (2020),DOI:10.1101/2020.03.22.002386,2697049,9606,BIOGRID
169,nsp7,GNG5,Affinity Capture-MS,physical,Gordon DE (2020),DOI:10.1101/2020.03.22.002386,2697049,9606,BIOGRID
170,nsp7,LMAN2,Affinity Capture-MS,physical,Gordon DE (2020),DOI:10.1101/2020.03.22.002386,2697049,9606,BIOGRID
171,nsp7,MOGS,Affinity Capture-MS,physical,Gordon DE (2020),DOI:10.1101/2020.03.22.002386,2697049,9606,BIOGRID
172,nsp7,TOR1AIP1,Affinity Capture-MS,physical,Gordon DE (2020),DOI:10.1101/2020.03.22.002386,2697049,9606,BIOGRID
173,nsp7,MARC1,Affinity Capture-MS,physical,Gordon DE (2020),DOI:10.1101/2020.03.22.002386,2697049,9606,BIOGRID
174,nsp7,QSOX2,Affinity Capture-MS,physical,Gordon DE (2020),DOI:10.1101/2020.03.22.002386,2697049,9606,BIOGRID
175,nsp7,HS2ST1,Affinity Capture-MS,physical,Gordon DE (2020),DOI:10.1101/2020.03.22.002386,2697049,9606,BIOGRID
176,nsp7,NDUFAF2,Affinity Capture-MS,physical,Gordon DE (2020),DOI:10.1101/2020.03.22.002386,2697049,9606,BIOGRID
177,nsp7,SCCPDH,Affinity Capture-MS,physical,Gordon DE (2020),DOI:10.1101/2020.03.22.002386,2697049,9606,BIOGRID
178,nsp7,SCARB1,Affinity Capture-MS,physical,Gordon DE (2020),DOI:10.1101/2020.03.22.002386,2697049,9606,BIOGRID
179,nsp7,NAT14,Affinity Capture-MS,physical,Gordon DE (2020),DOI:10.1101/2020.03.22.002386,2697049,9606,BIOGRID
180,nsp7,DCAKD,Affinity Capture-MS,physical,Gordon DE (2020),DOI:10.1101/2020.03.22.002386,2697049,9606,BIOGRID
181,nsp7,FAM162A,Affinity Capture-MS,physical,Gordon DE (2020),DOI:10.1101/2020.03.22.002386,2697049,9606,BIOGRID
182,nsp7,DNAJC19,Affinity Capture-MS,physical,Gordon DE (2020),DOI:10.1101/2020.03.22.002386,2697049,9606,BIOGRID
183,nsp7,VIMP,Affinity Capture-MS,physical,Gordon DE (2020),DOI:10.1101/2020.03.22.002386,2697049,9606,BIOGRID
184,nsp7,PTGES2,Affinity Capture-MS,physical,Gordon DE (2020),DOI:10.1101/2020.03.22.002386,2697049,9606,BIOGRID
185,nsp7,RAB18,Affinity Capture-MS,physical,Gordon DE (2020),DOI:10.1101/2020.03.22.002386,2697049,9606,BIOGRID
186,nsp8,MPHOSPH10,Affinity Capture-MS,physical,Gordon DE (2020),DOI:10.1101/2020.03.22.002386,2697049,9606,BIOGRID
187,nsp8,SRP72,Affinity Capture-MS,physical,Gordon DE (2020),DOI:10.1101/2020.03.22.002386,2697049,9606,BIOGRID
188,nsp8,ATE1,Affinity Capture-MS,physical,Gordon DE (2020),DOI:10.1101/2020.03.22.002386,2697049,9606,BIOGRID
189,nsp8,WHSC1,Affinity Capture-MS,physical,Gordon DE (2020),DOI:10.1101/2020.03.22.002386,2697049,9606,BIOGRID
190,nsp8,SRP19,Affinity Capture-MS,physical,Gordon DE (2020),DOI:10.1101/2020.03.22.002386,2697049,9606,BIOGRID
191,nsp8,SRP54,Affinity Capture-MS,physical,Gordon DE (2020),DOI:10.1101/2020.03.22.002386,2697049,9606,BIOGRID
192,nsp8,MRPS25,Affinity Capture-MS,physical,Gordon DE (2020),DOI:10.1101/2020.03.22.002386,2697049,9606,BIOGRID
193,nsp8,DDX10,Affinity Capture-MS,physical,Gordon DE (2020),DOI:10.1101/2020.03.22.002386,2697049,9606,BIOGRID
194,nsp8,LARP7,Affinity Capture-MS,physical,Gordon DE (2020),DOI:10.1101/2020.03.22.002386,2697049,9606,BIOGRID
195,nsp8,MEPCE,Affinity Capture-MS,physical,Gordon DE (2020),DOI:10.1101/2020.03.22.002386,2697049,9606,BIOGRID
196,nsp8,NGDN,Affinity Capture-MS,physical,Gordon DE (2020),DOI:10.1101/2020.03.22.002386,2697049,9606,BIOGRID
197,nsp8,EXOSC8,Affinity Capture-MS,physical,Gordon DE (2020),DOI:10.1101/2020.03.22.002386,2697049,9606,BIOGRID
198,nsp8,NARS2,Affinity Capture-MS,physical,Gordon DE (2020),DOI:10.1101/2020.03.22.002386,2697049,9606,BIOGRID
199,nsp8,NOL10,Affinity Capture-MS,physical,Gordon DE (2020),DOI:10.1101/2020.03.22.002386,2697049,9606,BIOGRID
200,nsp8,CCDC86,Affinity Capture-MS,physical,Gordon DE (2020),DOI:10.1101/2020.03.22.002386,2697049,9606,BIOGRID
201,nsp8,SEPSECS,Affinity Capture-MS,physical,Gordon DE (2020),DOI:10.1101/2020.03.22.002386,2697049,9606,BIOGRID
202,nsp8,EXOSC5,Affinity Capture-MS,physical,Gordon DE (2020),DOI:10.1101/2020.03.22.002386,2697049,9606,BIOGRID
203,nsp8,EXOSC3,Affinity Capture-MS,physical,Gordon DE (2020),DOI:10.1101/2020.03.22.002386,2697049,9606,BIOGRID
204,nsp8,AATF,Affinity Capture-MS,physical,Gordon DE (2020),DOI:10.1101/2020.03.22.002386,2697049,9606,BIOGRID
205,nsp8,HECTD1,Affinity Capture-MS,physical,Gordon DE (2020),DOI:10.1101/2020.03.22.002386,2697049,9606,BIOGRID
206,nsp8,MRPS2,Affinity Capture-MS,physical,Gordon DE (2020),DOI:10.1101/2020.03.22.002386,2697049,9606,BIOGRID
207,nsp8,MRPS5,Affinity Capture-MS,physical,Gordon DE (2020),DOI:10.1101/2020.03.22.002386,2697049,9606,BIOGRID
208,nsp8,EXOSC2,Affinity Capture-MS,physical,Gordon DE (2020),DOI:10.1101/2020.03.22.002386,2697049,9606,BIOGRID
209,nsp8,MRPS27,Affinity Capture-MS,physical,Gordon DE (2020),DOI:10.1101/2020.03.22.002386,2697049,9606,BIOGRID
210,nsp9,GTF2F2,Affinity Capture-MS,physical,Gordon DE (2020),DOI:10.1101/2020.03.22.002386,2697049,9606,BIOGRID
211,nsp9,FBN1,Affinity Capture-MS,physical,Gordon DE (2020),DOI:10.1101/2020.03.22.002386,2697049,9606,BIOGRID
212,nsp9,FBN2,Affinity Capture-MS,physical,Gordon DE (2020),DOI:10.1101/2020.03.22.002386,2697049,9606,BIOGRID
213,nsp9,NUP214,Affinity Capture-MS,physical,Gordon DE (2020),DOI:10.1101/2020.03.22.002386,2697049,9606,BIOGRID
214,nsp9,NUP62,Affinity Capture-MS,physical,Gordon DE (2020),DOI:10.1101/2020.03.22.002386,2697049,9606,BIOGRID
215,nsp9,DCAF7,Affinity Capture-MS,physical,Gordon DE (2020),DOI:10.1101/2020.03.22.002386,2697049,9606,BIOGRID
216,nsp9,EIF4H,Affinity Capture-MS,physical,Gordon DE (2020),DOI:10.1101/2020.03.22.002386,2697049,9606,BIOGRID
217,nsp9,NUP54,Affinity Capture-MS,physical,Gordon DE (2020),DOI:10.1101/2020.03.22.002386,2697049,9606,BIOGRID
218,nsp9,MIB1,Affinity Capture-MS,physical,Gordon DE (2020),DOI:10.1101/2020.03.22.002386,2697049,9606,BIOGRID
219,nsp9,SPG20,Affinity Capture-MS,physical,Gordon DE (2020),DOI:10.1101/2020.03.22.002386,2697049,9606,BIOGRID
220,nsp9,NEK9,Affinity Capture-MS,physical,Gordon DE (2020),DOI:10.1101/2020.03.22.002386,2697049,9606,BIOGRID
221,nsp9,ZNF503,Affinity Capture-MS,physical,Gordon DE (2020),DOI:10.1101/2020.03.22.002386,2697049,9606,BIOGRID
222,nsp9,NUP88,Affinity Capture-MS,physical,Gordon DE (2020),DOI:10.1101/2020.03.22.002386,2697049,9606,BIOGRID
223,nsp9,NUPL1,Affinity Capture-MS,physical,Gordon DE (2020),DOI:10.1101/2020.03.22.002386,2697049,9606,BIOGRID
224,nsp9,MAT2B,Affinity Capture-MS,physical,Gordon DE (2020),DOI:10.1101/2020.03.22.002386,2697049,9606,BIOGRID
225,nsp9,FBLN5,Affinity Capture-MS,physical,Gordon DE (2020),DOI:10.1101/2020.03.22.002386,2697049,9606,BIOGRID
226,ORF10,PPT1,Affinity Capture-MS,physical,Gordon DE (2020),DOI:10.1101/2020.03.22.002386,2697049,9606,BIOGRID
227,ORF10,CUL2,Affinity Capture-MS,physical,Gordon DE (2020),DOI:10.1101/2020.03.22.002386,2697049,9606,BIOGRID
228,ORF10,MAP7D1,Affinity Capture-MS,physical,Gordon DE (2020),DOI:10.1101/2020.03.22.002386,2697049,9606,BIOGRID
229,ORF10,THTPA,Affinity Capture-MS,physical,Gordon DE (2020),DOI:10.1101/2020.03.22.002386,2697049,9606,BIOGRID
230,ORF10,ZYG11B,Affinity Capture-MS,physical,Gordon DE (2020),DOI:10.1101/2020.03.22.002386,2697049,9606,BIOGRID
231,ORF10,TIMM8B,Affinity Capture-MS,physical,Gordon DE (2020),DOI:10.1101/2020.03.22.002386,2697049,9606,BIOGRID
232,ORF10,RBX1,Affinity Capture-MS,physical,Gordon DE (2020),DOI:10.1101/2020.03.22.002386,2697049,9606,BIOGRID
233,ORF10,TCEB1,Affinity Capture-MS,physical,Gordon DE (2020),DOI:10.1101/2020.03.22.002386,2697049,9606,BIOGRID
234,ORF10,TCEB2,Affinity Capture-MS,physical,Gordon DE (2020),DOI:10.1101/2020.03.22.002386,2697049,9606,BIOGRID
235,ORF3a,HMOX1,Affinity Capture-MS,physical,Gordon DE (2020),DOI:10.1101/2020.03.22.002386,2697049,9606,BIOGRID
236,ORF3a,TRIM59,Affinity Capture-MS,physical,Gordon DE (2020),DOI:10.1101/2020.03.22.002386,2697049,9606,BIOGRID
237,ORF3a,ARL6IP6,Affinity Capture-MS,physical,Gordon DE (2020),DOI:10.1101/2020.03.22.002386,2697049,9606,BIOGRID
238,ORF3a,VPS39,Affinity Capture-MS,physical,Gordon DE (2020),DOI:10.1101/2020.03.22.002386,2697049,9606,BIOGRID
239,ORF3a,CLCC1,Affinity Capture-MS,physical,Gordon DE (2020),DOI:10.1101/2020.03.22.002386,2697049,9606,BIOGRID
240,ORF3a,VPS11,Affinity Capture-MS,physical,Gordon DE (2020),DOI:10.1101/2020.03.22.002386,2697049,9606,BIOGRID
241,ORF3a,SUN2,Affinity Capture-MS,physical,Gordon DE (2020),DOI:10.1101/2020.03.22.002386,2697049,9606,BIOGRID
242,ORF3a,ALG5,Affinity Capture-MS,physical,Gordon DE (2020),DOI:10.1101/2020.03.22.002386,2697049,9606,BIOGRID
243,ORF3b,STOML2,Affinity Capture-MS,physical,Gordon DE (2020),DOI:10.1101/2020.03.22.002386,2697049,9606,BIOGRID
244,ORF6,NUP98,Affinity Capture-MS,physical,Gordon DE (2020),DOI:10.1101/2020.03.22.002386,2697049,9606,BIOGRID
245,ORF6,RAE1,Affinity Capture-MS,physical,Gordon DE (2020),DOI:10.1101/2020.03.22.002386,2697049,9606,BIOGRID
246,ORF6,MTCH1,Affinity Capture-MS,physical,Gordon DE (2020),DOI:10.1101/2020.03.22.002386,2697049,9606,BIOGRID
247,ORF7a,HEATR3,Affinity Capture-MS,physical,Gordon DE (2020),DOI:10.1101/2020.03.22.002386,2697049,9606,BIOGRID
248,ORF7a,MDN1,Affinity Capture-MS,physical,Gordon DE (2020),DOI:10.1101/2020.03.22.002386,2697049,9606,BIOGRID
249,ORF8,PLOD2,Affinity Capture-MS,physical,Gordon DE (2020),DOI:10.1101/2020.03.22.002386,2697049,9606,BIOGRID
250,ORF8,TOR1A,Affinity Capture-MS,physical,Gordon DE (2020),DOI:10.1101/2020.03.22.002386,2697049,9606,BIOGRID
251,ORF8,STC2,Affinity Capture-MS,physical,Gordon DE (2020),DOI:10.1101/2020.03.22.002386,2697049,9606,BIOGRID
252,ORF8,PLAT,Affinity Capture-MS,physical,Gordon DE (2020),DOI:10.1101/2020.03.22.002386,2697049,9606,BIOGRID
253,ORF8,ITGB1,Affinity Capture-MS,physical,Gordon DE (2020),DOI:10.1101/2020.03.22.002386,2697049,9606,BIOGRID
254,ORF8,CISD3,Affinity Capture-MS,physical,Gordon DE (2020),DOI:10.1101/2020.03.22.002386,2697049,9606,BIOGRID
255,ORF8,COL6A1,Affinity Capture-MS,physical,Gordon DE (2020),DOI:10.1101/2020.03.22.002386,2697049,9606,BIOGRID
256,ORF8,PVR,Affinity Capture-MS,physical,Gordon DE (2020),DOI:10.1101/2020.03.22.002386,2697049,9606,BIOGRID
257,ORF8,DNMT1,Affinity Capture-MS,physical,Gordon DE (2020),DOI:10.1101/2020.03.22.002386,2697049,9606,BIOGRID
258,ORF8,LOX,Affinity Capture-MS,physical,Gordon DE (2020),DOI:10.1101/2020.03.22.002386,2697049,9606,BIOGRID
259,ORF8,PCSK6,Affinity Capture-MS,physical,Gordon DE (2020),DOI:10.1101/2020.03.22.002386,2697049,9606,BIOGRID
260,ORF8,INHBE,Affinity Capture-MS,physical,Gordon DE (2020),DOI:10.1101/2020.03.22.002386,2697049,9606,BIOGRID
261,ORF8,NPC2,Affinity Capture-MS,physical,Gordon DE (2020),DOI:10.1101/2020.03.22.002386,2697049,9606,BIOGRID
262,ORF8,MFGE8,Affinity Capture-MS,physical,Gordon DE (2020),DOI:10.1101/2020.03.22.002386,2697049,9606,BIOGRID
263,ORF8,OS9,Affinity Capture-MS,physical,Gordon DE (2020),DOI:10.1101/2020.03.22.002386,2697049,9606,BIOGRID
264,ORF8,NPTX1,Affinity Capture-MS,physical,Gordon DE (2020),DOI:10.1101/2020.03.22.002386,2697049,9606,BIOGRID
265,ORF8,KDELC1,Affinity Capture-MS,physical,Gordon DE (2020),DOI:10.1101/2020.03.22.002386,2697049,9606,BIOGRID
266,ORF8,KDELC2,Affinity Capture-MS,physical,Gordon DE (2020),DOI:10.1101/2020.03.22.002386,2697049,9606,BIOGRID
267,ORF8,ERO1LB,Affinity Capture-MS,physical,Gordon DE (2020),DOI:10.1101/2020.03.22.002386,2697049,9606,BIOGRID
268,ORF8,PLD3,Affinity Capture-MS,physical,Gordon DE (2020),DOI:10.1101/2020.03.22.002386,2697049,9606,BIOGRID
269,ORF8,FOXRED2,Affinity Capture-MS,physical,Gordon DE (2020),DOI:10.1101/2020.03.22.002386,2697049,9606,BIOGRID
270,ORF8,CHPF,Affinity Capture-MS,physical,Gordon DE (2020),DOI:10.1101/2020.03.22.002386,2697049,9606,BIOGRID
271,ORF8,PUSL1,Affinity Capture-MS,physical,Gordon DE (2020),DOI:10.1101/2020.03.22.002386,2697049,9606,BIOGRID
272,ORF8,EMC1,Affinity Capture-MS,physical,Gordon DE (2020),DOI:10.1101/2020.03.22.002386,2697049,9606,BIOGRID
273,ORF8,GGH,Affinity Capture-MS,physical,Gordon DE (2020),DOI:10.1101/2020.03.22.002386,2697049,9606,BIOGRID
274,ORF8,ERLEC1,Affinity Capture-MS,physical,Gordon DE (2020),DOI:10.1101/2020.03.22.002386,2697049,9606,BIOGRID
275,ORF8,IL17RA,Affinity Capture-MS,physical,Gordon DE (2020),DOI:10.1101/2020.03.22.002386,2697049,9606,BIOGRID
276,ORF8,NGLY1,Affinity Capture-MS,physical,Gordon DE (2020),DOI:10.1101/2020.03.22.002386,2697049,9606,BIOGRID
277,ORF8,HS6ST2,Affinity Capture-MS,physical,Gordon DE (2020),DOI:10.1101/2020.03.22.002386,2697049,9606,BIOGRID
278,ORF8,SDF2,Affinity Capture-MS,physical,Gordon DE (2020),DOI:10.1101/2020.03.22.002386,2697049,9606,BIOGRID
279,ORF8,NEU1,Affinity Capture-MS,physical,Gordon DE (2020),DOI:10.1101/2020.03.22.002386,2697049,9606,BIOGRID
280,ORF8,GDF15,Affinity Capture-MS,physical,Gordon DE (2020),DOI:10.1101/2020.03.22.002386,2697049,9606,BIOGRID
281,ORF8,TM2D3,Affinity Capture-MS,physical,Gordon DE (2020),DOI:10.1101/2020.03.22.002386,2697049,9606,BIOGRID
282,ORF8,ERP44,Affinity Capture-MS,physical,Gordon DE (2020),DOI:10.1101/2020.03.22.002386,2697049,9606,BIOGRID
283,ORF8,EDEM3,Affinity Capture-MS,physical,Gordon DE (2020),DOI:10.1101/2020.03.22.002386,2697049,9606,BIOGRID
284,ORF8,SIL1,Affinity Capture-MS,physical,Gordon DE (2020),DOI:10.1101/2020.03.22.002386,2697049,9606,BIOGRID
285,ORF8,POFUT1,Affinity Capture-MS,physical,Gordon DE (2020),DOI:10.1101/2020.03.22.002386,2697049,9606,BIOGRID
286,ORF8,SMOC1,Affinity Capture-MS,physical,Gordon DE (2020),DOI:10.1101/2020.03.22.002386,2697049,9606,BIOGRID
287,ORF8,PLEKHF2,Affinity Capture-MS,physical,Gordon DE (2020),DOI:10.1101/2020.03.22.002386,2697049,9606,BIOGRID
288,ORF8,FBXL12,Affinity Capture-MS,physical,Gordon DE (2020),DOI:10.1101/2020.03.22.002386,2697049,9606,BIOGRID
289,ORF8,UGGT2,Affinity Capture-MS,physical,Gordon DE (2020),DOI:10.1101/2020.03.22.002386,2697049,9606,BIOGRID
290,ORF8,CHPF2,Affinity Capture-MS,physical,Gordon DE (2020),DOI:10.1101/2020.03.22.002386,2697049,9606,BIOGRID
291,ORF8,ADAMTS1,Affinity Capture-MS,physical,Gordon DE (2020),DOI:10.1101/2020.03.22.002386,2697049,9606,BIOGRID
292,ORF8,HYOU1,Affinity Capture-MS,physical,Gordon DE (2020),DOI:10.1101/2020.03.22.002386,2697049,9606,BIOGRID
293,ORF8,FKBP7,Affinity Capture-MS,physical,Gordon DE (2020),DOI:10.1101/2020.03.22.002386,2697049,9606,BIOGRID
294,ORF8,ADAM9,Affinity Capture-MS,physical,Gordon DE (2020),DOI:10.1101/2020.03.22.002386,2697049,9606,BIOGRID
295,ORF8,FKBP10,Affinity Capture-MS,physical,Gordon DE (2020),DOI:10.1101/2020.03.22.002386,2697049,9606,BIOGRID
296,ORF9b,SLC9A3R1,Affinity Capture-MS,physical,Gordon DE (2020),DOI:10.1101/2020.03.22.002386,2697049,9606,BIOGRID
297,ORF9b,CHMP2A,Affinity Capture-MS,physical,Gordon DE (2020),DOI:10.1101/2020.03.22.002386,2697049,9606,BIOGRID
298,ORF9b,CSDE1,Affinity Capture-MS,physical,Gordon DE (2020),DOI:10.1101/2020.03.22.002386,2697049,9606,BIOGRID
299,ORF9b,TOMM70A,Affinity Capture-MS,physical,Gordon DE (2020),DOI:10.1101/2020.03.22.002386,2697049,9606,BIOGRID
300,ORF9b,MARK3,Affinity Capture-MS,physical,Gordon DE (2020),DOI:10.1101/2020.03.22.002386,2697049,9606,BIOGRID
301,ORF9b,MARK2,Affinity Capture-MS,physical,Gordon DE (2020),DOI:10.1101/2020.03.22.002386,2697049,9606,BIOGRID
302,ORF9b,DPH5,Affinity Capture-MS,physical,Gordon DE (2020),DOI:10.1101/2020.03.22.002386,2697049,9606,BIOGRID
303,ORF9b,DCTPP1,Affinity Capture-MS,physical,Gordon DE (2020),DOI:10.1101/2020.03.22.002386,2697049,9606,BIOGRID
304,ORF9b,MARK1,Affinity Capture-MS,physical,Gordon DE (2020),DOI:10.1101/2020.03.22.002386,2697049,9606,BIOGRID
305,ORF9b,PTBP2,Affinity Capture-MS,physical,Gordon DE (2020),DOI:10.1101/2020.03.22.002386,2697049,9606,BIOGRID
306,ORF9b,BAG5,Affinity Capture-MS,physical,Gordon DE (2020),DOI:10.1101/2020.03.22.002386,2697049,9606,BIOGRID
307,ORF9c,UBXN8,Affinity Capture-MS,physical,Gordon DE (2020),DOI:10.1101/2020.03.22.002386,2697049,9606,BIOGRID
308,ORF9c,GPAA1,Affinity Capture-MS,physical,Gordon DE (2020),DOI:10.1101/2020.03.22.002386,2697049,9606,BIOGRID
309,ORF9c,WFS1,Affinity Capture-MS,physical,Gordon DE (2020),DOI:10.1101/2020.03.22.002386,2697049,9606,BIOGRID
310,ORF9c,ABCC1,Affinity Capture-MS,physical,Gordon DE (2020),DOI:10.1101/2020.03.22.002386,2697049,9606,BIOGRID
311,ORF9c,F2RL1,Affinity Capture-MS,physical,Gordon DE (2020),DOI:10.1101/2020.03.22.002386,2697049,9606,BIOGRID
312,ORF9c,SCAP,Affinity Capture-MS,physical,Gordon DE (2020),DOI:10.1101/2020.03.22.002386,2697049,9606,BIOGRID
313,ORF9c,DPY19L1,Affinity Capture-MS,physical,Gordon DE (2020),DOI:10.1101/2020.03.22.002386,2697049,9606,BIOGRID
314,ORF9c,TMEM97,Affinity Capture-MS,physical,Gordon DE (2020),DOI:10.1101/2020.03.22.002386,2697049,9606,BIOGRID
315,ORF9c,SLC30A6,Affinity Capture-MS,physical,Gordon DE (2020),DOI:10.1101/2020.03.22.002386,2697049,9606,BIOGRID
316,ORF9c,TAPT1,Affinity Capture-MS,physical,Gordon DE (2020),DOI:10.1101/2020.03.22.002386,2697049,9606,BIOGRID
317,ORF9c,ERMP1,Affinity Capture-MS,physical,Gordon DE (2020),DOI:10.1101/2020.03.22.002386,2697049,9606,BIOGRID
318,ORF9c,NLRX1,Affinity Capture-MS,physical,Gordon DE (2020),DOI:10.1101/2020.03.22.002386,2697049,9606,BIOGRID
319,ORF9c,FAM134C,Affinity Capture-MS,physical,Gordon DE (2020),DOI:10.1101/2020.03.22.002386,2697049,9606,BIOGRID
320,ORF9c,PIGO,Affinity Capture-MS,physical,Gordon DE (2020),DOI:10.1101/2020.03.22.002386,2697049,9606,BIOGRID
321,ORF9c,FAR2,Affinity Capture-MS,physical,Gordon DE (2020),DOI:10.1101/2020.03.22.002386,2697049,9606,BIOGRID
322,ORF9c,ECSIT,Affinity Capture-MS,physical,Gordon DE (2020),DOI:10.1101/2020.03.22.002386,2697049,9606,BIOGRID
323,ORF9c,ALG8,Affinity Capture-MS,physical,Gordon DE (2020),DOI:10.1101/2020.03.22.002386,2697049,9606,BIOGRID
324,ORF9c,TMEM39B,Affinity Capture-MS,physical,Gordon DE (2020),DOI:10.1101/2020.03.22.002386,2697049,9606,BIOGRID
325,ORF9c,GHITM,Affinity Capture-MS,physical,Gordon DE (2020),DOI:10.1101/2020.03.22.002386,2697049,9606,BIOGRID
326,ORF9c,ACAD9,Affinity Capture-MS,physical,Gordon DE (2020),DOI:10.1101/2020.03.22.002386,2697049,9606,BIOGRID
327,ORF9c,NDFIP2,Affinity Capture-MS,physical,Gordon DE (2020),DOI:10.1101/2020.03.22.002386,2697049,9606,BIOGRID
328,ORF9c,BCS1L,Affinity Capture-MS,physical,Gordon DE (2020),DOI:10.1101/2020.03.22.002386,2697049,9606,BIOGRID
329,ORF9c,NDUFAF1,Affinity Capture-MS,physical,Gordon DE (2020),DOI:10.1101/2020.03.22.002386,2697049,9606,BIOGRID
330,ORF9c,TMED5,Affinity Capture-MS,physical,Gordon DE (2020),DOI:10.1101/2020.03.22.002386,2697049,9606,BIOGRID
331,ORF9c,NDUFB9,Affinity Capture-MS,physical,Gordon DE (2020),DOI:10.1101/2020.03.22.002386,2697049,9606,BIOGRID
332,ORF9c,PIGS,Affinity Capture-MS,physical,Gordon DE (2020),DOI:10.1101/2020.03.22.002386,2697049,9606,BIOGRID
333,ACE2,S,Co-crystal Structure,physical,Yan R (2020),PUBMED:32132184,9606,2697049,BIOGRID
334,ACE2,ACE2,Co-crystal Structure,physical,Yan R (2020),PUBMED:32132184,9606,9606,BIOGRID
335,ACE2,SLC6A19,Co-crystal Structure,physical,Yan R (2020),PUBMED:32132184,9606,9606,BIOGRID
336,ACE2,SLC6A19,Reconstituted Complex,physical,Yan R (2020),PUBMED:32132184,9606,9606,BIOGRID
337,S,S,Co-crystal Structure,physical,Wrapp D (2020),PUBMED:32075877,2697049,2697049,BIOGRID
338,S,ACE2,Reconstituted Complex,physical,Wrapp D (2020),PUBMED:32075877,2697049,9606,BIOGRID
339,S,ACE2,Co-crystal Structure,physical,Wrapp D (2020),PUBMED:32075877,2697049,9606,BIOGRID
340,S,S,Reconstituted Complex,physical,Wrapp D (2020),PUBMED:32075877,2697049,2697049,BIOGRID
341,S,ACE2,Reconstituted Complex,physical,Walls AC (2020),PUBMED:32155444,2697049,9606,BIOGRID
342,S,S,Co-crystal Structure,physical,Walls AC (2020),PUBMED:32155444,2697049,2697049,BIOGRID
343,S,ACE2,Reconstituted Complex,physical,Li W (2007),PUBMED:17631932,694009,9606,BIOGRID
344,ORF1ab,ORF1ab,Co-crystal Structure,physical,Barrila J (2010),PUBMED:20420403,694009,694009,BIOGRID
345,Ace2,S,Reconstituted Complex,physical,Guillon P (2008),PUBMED:18818423,10029,694009,BIOGRID
346,S,ACE2,Reconstituted Complex,physical,Li F (2006),PUBMED:16809285,694009,9606,BIOGRID
347,S,S,Reconstituted Complex,physical,Li F (2006),PUBMED:16809285,694009,694009,BIOGRID
348,N,M,Two-hybrid,physical,He R (2004),PUBMED:15351485,694009,694009,BIOGRID
349,S,ACE2,Reconstituted Complex,physical,He Y (2004),PUBMED:15474494,694009,9606,BIOGRID
350,S,ACE2,Reconstituted Complex,physical,Hofmann H (2006),PUBMED:16912312,694009,9606,BIOGRID
351,MASP2,N,Reconstituted Complex,physical,Gao T (2020),DOI:10.1101/2020.03.29.20041962,9606,694009,BIOGRID
352,E,BCL2L1,Reconstituted Complex,physical,Yang Y (2005),PUBMED:16048439,694009,9606,BIOGRID
353,MASP2,N,Reconstituted Complex,physical,Gao T (2020),DOI:10.1101/2020.03.29.20041962,9606,2697049,BIOGRID
354,MASP2,N,Reconstituted Complex,physical,Gao T (2020),DOI:10.1101/2020.03.29.20041962,9606,1335626,BIOGRID
355,MASP2,MASP2,Reconstituted Complex,physical,Gao T (2020),DOI:10.1101/2020.03.29.20041962,9606,9606,BIOGRID
356,MASP2,MASP2,Biochemical Activity,physical,Gao T (2020),DOI:10.1101/2020.03.29.20041962,9606,9606,BIOGRID
357,MASP2,MBL2,Reconstituted Complex,physical,Gao T (2020),DOI:10.1101/2020.03.29.20041962,9606,9606,BIOGRID
358,MASP2,C4A,Biochemical Activity,physical,Gao T (2020),DOI:10.1101/2020.03.29.20041962,9606,9606,BIOGRID
359,Masp2,N,Co-localization,physical,Gao T (2020),DOI:10.1101/2020.03.29.20041962,10090,694009,BIOGRID
360,S,ACE2,Reconstituted Complex,physical,Tai W (2020),PUBMED:32203189,2697049,9606,BIOGRID
361,S,ACE2,Reconstituted Complex,physical,Tai W (2020),PUBMED:32203189,694009,9606,BIOGRID
362,S,DPP4,Reconstituted Complex,physical,Tai W (2020),PUBMED:32203189,1335626,9606,BIOGRID
363,nsp13ab,RYBP,Two-hybrid,physical,Pfefferle S (2011),PUBMED:22046132,694009,9606,BIOGRID
364,nsp1ab,PPIA,Two-hybrid,physical,Pfefferle S (2011),PUBMED:22046132,694009,9606,BIOGRID
365,nsp8ab,NOMO3,Two-hybrid,physical,Pfefferle S (2011),PUBMED:22046132,694009,9606,BIOGRID
366,nsp1ab,FKBP1A,Two-hybrid,physical,Pfefferle S (2011),PUBMED:22046132,694009,9606,BIOGRID
367,nsp1ab,PPIG,Two-hybrid,physical,Pfefferle S (2011),PUBMED:22046132,694009,9606,BIOGRID
368,ORF9b,MARK3,Two-hybrid,physical,Pfefferle S (2011),PUBMED:22046132,694009,9606,BIOGRID
369,nsp1ab,PPIH,Two-hybrid,physical,Pfefferle S (2011),PUBMED:22046132,694009,9606,BIOGRID
370,nsp1ab,RCAN3,Two-hybrid,physical,Pfefferle S (2011),PUBMED:22046132,694009,9606,BIOGRID
371,ORF14,HGS,Two-hybrid,physical,Pfefferle S (2011),PUBMED:22046132,694009,9606,BIOGRID
372,ORF8a,BAG6,Two-hybrid,physical,Pfefferle S (2011),PUBMED:22046132,694009,9606,BIOGRID
373,nsp7ab,DDAH2,Two-hybrid,physical,Pfefferle S (2011),PUBMED:22046132,694009,9606,BIOGRID
374,ORF7b,CAMLG,Two-hybrid,physical,Pfefferle S (2011),PUBMED:22046132,694009,9606,BIOGRID
375,nsp12ab,CHMP2B,Two-hybrid,physical,Pfefferle S (2011),PUBMED:22046132,694009,9606,BIOGRID
376,nsp12ab,C1orf162,Two-hybrid,physical,Pfefferle S (2011),PUBMED:22046132,694009,9606,BIOGRID
377,nsp3ab,MKRN2,Two-hybrid,physical,Pfefferle S (2011),PUBMED:22046132,694009,9606,BIOGRID
378,nsp12ab,TPSAB1,Two-hybrid,physical,Pfefferle S (2011),PUBMED:22046132,694009,9606,BIOGRID
379,nsp14ab,SERPING1,Two-hybrid,physical,Pfefferle S (2011),PUBMED:22046132,694009,9606,BIOGRID
380,nsp3ab,MKRN3,Two-hybrid,physical,Pfefferle S (2011),PUBMED:22046132,694009,9606,BIOGRID
381,nsp9ab,CHMP2B,Two-hybrid,physical,Pfefferle S (2011),PUBMED:22046132,694009,9606,BIOGRID
382,ORF9b,PSMA2,Two-hybrid,physical,Pfefferle S (2011),PUBMED:22046132,694009,9606,BIOGRID
383,nsp9ab,RSRP1,Two-hybrid,physical,Pfefferle S (2011),PUBMED:22046132,694009,9606,BIOGRID
384,nsp3ab,ZNF410,Two-hybrid,physical,Pfefferle S (2011),PUBMED:22046132,694009,9606,BIOGRID
385,nsp12ab,POLR2B,Two-hybrid,physical,Pfefferle S (2011),PUBMED:22046132,694009,9606,BIOGRID
386,nsp2ab,DEDD2,Two-hybrid,physical,Pfefferle S (2011),PUBMED:22046132,694009,9606,BIOGRID
387,nsp14ab,DCTN2,Two-hybrid,physical,Pfefferle S (2011),PUBMED:22046132,694009,9606,BIOGRID
388,nsp9ab,NPHP3,Two-hybrid,physical,Pfefferle S (2011),PUBMED:22046132,694009,9606,BIOGRID
389,nsp12ab,TPSB2,Two-hybrid,physical,Pfefferle S (2011),PUBMED:22046132,694009,9606,BIOGRID
390,ORF3b,DCTN2,Two-hybrid,physical,Pfefferle S (2011),PUBMED:22046132,694009,9606,BIOGRID
391,nsp7ab,RNF128,Two-hybrid,physical,Pfefferle S (2011),PUBMED:22046132,694009,9606,BIOGRID
392,nsp7ab,BAP1,Two-hybrid,physical,Pfefferle S (2011),PUBMED:22046132,694009,9606,BIOGRID
393,ORF14,SERPING1,Two-hybrid,physical,Pfefferle S (2011),PUBMED:22046132,694009,9606,BIOGRID
394,nsp7ab,ARL4D,Two-hybrid,physical,Pfefferle S (2011),PUBMED:22046132,694009,9606,BIOGRID
395,nsp12ab,CCHCR1,Two-hybrid,physical,Pfefferle S (2011),PUBMED:22046132,694009,9606,BIOGRID
396,nsp9ab,FAHD1,Two-hybrid,physical,Pfefferle S (2011),PUBMED:22046132,694009,9606,BIOGRID
397,nsp8ab,BZW2,Two-hybrid,physical,Pfefferle S (2011),PUBMED:22046132,694009,9606,BIOGRID
398,nsp7ab,NCOA5,Two-hybrid,physical,Pfefferle S (2011),PUBMED:22046132,694009,9606,BIOGRID
399,ORF3b,SERPING1,Two-hybrid,physical,Pfefferle S (2011),PUBMED:22046132,694009,9606,BIOGRID
400,ORF3b,ALB,Two-hybrid,physical,Pfefferle S (2011),PUBMED:22046132,694009,9606,BIOGRID
401,nsp7ab,YWHAE,Two-hybrid,physical,Pfefferle S (2011),PUBMED:22046132,694009,9606,BIOGRID
402,ORF7b,SERPING1,Two-hybrid,physical,Pfefferle S (2011),PUBMED:22046132,694009,9606,BIOGRID
403,nsp13ab,MARK3,Two-hybrid,physical,Pfefferle S (2011),PUBMED:22046132,694009,9606,BIOGRID
404,nsp9ab,ENO1,Two-hybrid,physical,Pfefferle S (2011),PUBMED:22046132,694009,9606,BIOGRID
405,nsp13ab,MARK2,Two-hybrid,physical,Pfefferle S (2011),PUBMED:22046132,694009,9606,BIOGRID
406,nsp3ab,ABHD17A,Two-hybrid,physical,Pfefferle S (2011),PUBMED:22046132,694009,9606,BIOGRID
407,nsp12ab,PFDN5,Two-hybrid,physical,Pfefferle S (2011),PUBMED:22046132,694009,9606,BIOGRID
408,ORF6,DCTN2,Two-hybrid,physical,Pfefferle S (2011),PUBMED:22046132,694009,9606,BIOGRID
409,nsp7ab,MIF4GD,Two-hybrid,physical,Pfefferle S (2011),PUBMED:22046132,694009,9606,BIOGRID
410,nsp12ab,NDUFA10,Two-hybrid,physical,Pfefferle S (2011),PUBMED:22046132,694009,9606,BIOGRID
411,nsp9ab,C1orf162,Two-hybrid,physical,Pfefferle S (2011),PUBMED:22046132,694009,9606,BIOGRID
412,nsp2ab,SERPING1,Two-hybrid,physical,Pfefferle S (2011),PUBMED:22046132,694009,9606,BIOGRID
413,ORF7a,VKORC1,Two-hybrid,physical,Pfefferle S (2011),PUBMED:22046132,694009,9606,BIOGRID
414,nsp1ab,LAS1L,Two-hybrid,physical,Pfefferle S (2011),PUBMED:22046132,694009,9606,BIOGRID
415,ORF14,DCTN2,Two-hybrid,physical,Pfefferle S (2011),PUBMED:22046132,694009,9606,BIOGRID
416,nsp5ab,FKBP1A,Two-hybrid,physical,Pfefferle S (2011),PUBMED:22046132,694009,9606,BIOGRID
417,nsp8ab,H2AFY2,Two-hybrid,physical,Pfefferle S (2011),PUBMED:22046132,694009,9606,BIOGRID
418,ORF9b,RPS20,Two-hybrid,physical,Pfefferle S (2011),PUBMED:22046132,694009,9606,BIOGRID
419,nsp13ab,CHEK2,Two-hybrid,physical,Pfefferle S (2011),PUBMED:22046132,694009,9606,BIOGRID
420,nsp8ab,TERF1,Two-hybrid,physical,Pfefferle S (2011),PUBMED:22046132,694009,9606,BIOGRID
421,nsp6ab,ISLR,Two-hybrid,physical,Pfefferle S (2011),PUBMED:22046132,694009,9606,BIOGRID
422,nsp12ab,TBCB,Two-hybrid,physical,Pfefferle S (2011),PUBMED:22046132,694009,9606,BIOGRID
423,nsp4ab,NMB,Two-hybrid,physical,Pfefferle S (2011),PUBMED:22046132,694009,9606,BIOGRID
424,nsp4ab,LAS1L,Two-hybrid,physical,Pfefferle S (2011),PUBMED:22046132,694009,9606,BIOGRID
425,ORF3a,DCTN2,Two-hybrid,physical,Pfefferle S (2011),PUBMED:22046132,694009,9606,BIOGRID
426,nsp12ab,MNAT1,Two-hybrid,physical,Pfefferle S (2011),PUBMED:22046132,694009,9606,BIOGRID
427,nsp7ab,NAE1,Two-hybrid,physical,Pfefferle S (2011),PUBMED:22046132,694009,9606,BIOGRID
428,nsp12ab,HOXC6,Two-hybrid,physical,Pfefferle S (2011),PUBMED:22046132,694009,9606,BIOGRID
429,ORF3a,YWHAE,Two-hybrid,physical,Pfefferle S (2011),PUBMED:22046132,694009,9606,BIOGRID
430,nsp8ab,SERPING1,Two-hybrid,physical,Pfefferle S (2011),PUBMED:22046132,694009,9606,BIOGRID
431,nsp13ab,SERPING1,Two-hybrid,physical,Pfefferle S (2011),PUBMED:22046132,694009,9606,BIOGRID
432,nsp7ab,PLEKHO1,Two-hybrid,physical,Pfefferle S (2011),PUBMED:22046132,694009,9606,BIOGRID
433,nsp13ab,PPIA,Two-hybrid,physical,Pfefferle S (2011),PUBMED:22046132,694009,9606,BIOGRID
434,nsp5ab,N4BP2L2,Two-hybrid,physical,Pfefferle S (2011),PUBMED:22046132,694009,9606,BIOGRID
435,nsp5ab,XPA,Two-hybrid,physical,Pfefferle S (2011),PUBMED:22046132,694009,9606,BIOGRID
436,nsp8ab,EIF4B,Two-hybrid,physical,Pfefferle S (2011),PUBMED:22046132,694009,9606,BIOGRID
437,nsp5ab,C20orf27,Two-hybrid,physical,Pfefferle S (2011),PUBMED:22046132,694009,9606,BIOGRID
438,nsp7ab,LCP1,Two-hybrid,physical,Pfefferle S (2011),PUBMED:22046132,694009,9606,BIOGRID
439,ORF7a,SMOC1,Two-hybrid,physical,Pfefferle S (2011),PUBMED:22046132,694009,9606,BIOGRID
440,ORF3a,PFDN5,Two-hybrid,physical,Pfefferle S (2011),PUBMED:22046132,694009,9606,BIOGRID
441,ORF9b,RPS17,Two-hybrid,physical,Pfefferle S (2011),PUBMED:22046132,694009,9606,BIOGRID
442,nsp2ab,NPHP3,Two-hybrid,physical,Pfefferle S (2011),PUBMED:22046132,694009,9606,BIOGRID
443,ORF6,BRF1,Two-hybrid,physical,Pfefferle S (2011),PUBMED:22046132,694009,9606,BIOGRID
444,ORF14,YAE1D1,Two-hybrid,physical,Pfefferle S (2011),PUBMED:22046132,694009,9606,BIOGRID
445,nsp13ab,OCIAD2,Two-hybrid,physical,Pfefferle S (2011),PUBMED:22046132,694009,9606,BIOGRID
446,nsp2ab,SLC46A3,Two-hybrid,physical,Pfefferle S (2011),PUBMED:22046132,694009,9606,BIOGRID
447,nsp13ab,N4BP2L2,Two-hybrid,physical,Pfefferle S (2011),PUBMED:22046132,694009,9606,BIOGRID
448,nsp1ab,PPIB,Two-hybrid,physical,Pfefferle S (2011),PUBMED:22046132,694009,9606,BIOGRID
449,ACE2,S,Reconstituted Complex,physical,Xie L (2020),DOI:10.1101/2020.02.16.951723,9606,2697049,BIOGRID
450,ACE2,S,Reconstituted Complex,physical,Xie L (2020),DOI:10.1101/2020.02.16.951723,9606,694009,BIOGRID
451,S,ACE2,Reconstituted Complex,physical,Procko E (2020),DOI:10.1101/2020.03.16.994236,2697049,9606,BIOGRID
452,S,BSG,Reconstituted Complex,physical,Wang K (2020),DOI:10.1101/2020.03.14.988345,2697049,9606,BIOGRID
453,BSG,S,Reconstituted Complex,physical,Wang K (2020),DOI:10.1101/2020.03.14.988345,9606,2697049,BIOGRID
454,BSG,S,Affinity Capture-Western,physical,Wang K (2020),DOI:10.1101/2020.03.14.988345,9606,2697049,BIOGRID
455,S,BSG,Affinity Capture-Western,physical,Wang K (2020),DOI:10.1101/2020.03.14.988345,2697049,9606,BIOGRID
456,BSG,S,Co-localization,physical,Wang K (2020),DOI:10.1101/2020.03.14.988345,9606,2697049,BIOGRID
457,ACE2,ACE2,Co-crystal Structure,physical,Zhou Q (2020),DOI:10.1101/2020.02.17.951848,9606,9606,BIOGRID
458,ACE2,SLC6A19,Co-crystal Structure,physical,Zhou Q (2020),DOI:10.1101/2020.02.17.951848,9606,9606,BIOGRID
459,S,ACE2,Co-crystal Structure,physical,Lan J (2020),PUBMED:32225176,2697049,9606,BIOGRID
460,ACE2,S,Reconstituted Complex,physical,Lan J (2020),PUBMED:32225176,9606,2697049,BIOGRID
461,ACE2,SLC6A19,Co-purification,physical,Zhou Q (2020),DOI:10.1101/2020.02.17.951848,9606,9606,BIOGRID
462,nsp5,nsp5,Co-crystal Structure,physical,Zhang L (2020),PUBMED:32198291,2697049,2697049,BIOGRID
463,nsp5,nsp5,Reconstituted Complex,physical,Zhang L (2020),PUBMED:32198291,2697049,2697049,BIOGRID
464,nsp5a,nsp5a,Reconstituted Complex,physical,Zhang L (2020),PUBMED:32198291,694009,694009,BIOGRID
465,nsp5,nsp5,Co-crystal Structure,physical,Jin Z (2020),PUBMED:32272481,2697049,2697049,BIOGRID
466,nsp5,nsp5,Co-purification,physical,Jin Z (2020),PUBMED:32272481,2697049,2697049,BIOGRID
467,nsp5,nsp5,Reconstituted Complex,physical,Jin Z (2020),PUBMED:32272481,2697049,2697049,BIOGRID
468,ACE2,DEFA5,Reconstituted Complex,physical,Wang C (2020),DOI:10.1101/2020.03.29.013490,9606,9606,BIOGRID
469,ACE2,S,Reconstituted Complex,physical,Wang C (2020),DOI:10.1101/2020.03.29.013490,9606,2697049,BIOGRID
470,nsp5,nsp5,Co-crystal Structure,physical,Dai W (2020),DOI:10.1101/2020.03.25.996348,2697049,2697049,BIOGRID
471,nsp12,nsp7,Co-crystal Structure,physical,Gao Y (2020),DOI:10.1101/2020.03.16.993386,2697049,2697049,BIOGRID
472,nsp12,nsp8,Co-crystal Structure,physical,Gao Y (2020),DOI:10.1101/2020.03.16.993386,2697049,2697049,BIOGRID
473,nsp12,nsp7,Reconstituted Complex,physical,Gao Y (2020),DOI:10.1101/2020.03.16.993386,2697049,2697049,BIOGRID
474,nsp12,nsp8,Reconstituted Complex,physical,Gao Y (2020),DOI:10.1101/2020.03.16.993386,2697049,2697049,BIOGRID
475,ACE2,S,Co-crystal Structure,physical,Song W (2018),PUBMED:30102747,9606,2697049,BIOGRID
476,ACE2,S,Reconstituted Complex,physical,Song W (2018),PUBMED:30102747,9606,2697049,BIOGRID
477,E,SDCBP,Two-hybrid,physical,Jimenez-Guardeno JM (2014),PUBMED:25122212,694009,9606,BIOGRID
478,E,SDCBP,Affinity Capture-Western,physical,Jimenez-Guardeno JM (2014),PUBMED:25122212,694009,9606,BIOGRID
479,SDCBP,E,Affinity Capture-Western,physical,Jimenez-Guardeno JM (2014),PUBMED:25122212,9606,694009,BIOGRID
480,SDCBP,E,Co-localization,physical,Jimenez-Guardeno JM (2014),PUBMED:25122212,9606,694009,BIOGRID
481,nsp3ab,RCHY1,Affinity Capture-MS,physical,Ma-Lauer Y (2016),PUBMED:27519799,694009,9606,BIOGRID
482,nsp3ab,CAMK2D,Affinity Capture-MS,physical,Ma-Lauer Y (2016),PUBMED:27519799,694009,9606,BIOGRID
483,nsp3ab,RCHY1,Two-hybrid,physical,Ma-Lauer Y (2016),PUBMED:27519799,694009,9606,BIOGRID
484,nsp3ab,RCHY1,PCA,physical,Ma-Lauer Y (2016),PUBMED:27519799,694009,9606,BIOGRID
485,nsp3ab,CAMK2D,PCA,physical,Ma-Lauer Y (2016),PUBMED:27519799,694009,9606,BIOGRID
486,nsp3ab,RCHY1,Affinity Capture-Western,physical,Ma-Lauer Y (2016),PUBMED:27519799,694009,9606,BIOGRID
487,nsp3ab,CAMK2D,Affinity Capture-Western,physical,Ma-Lauer Y (2016),PUBMED:27519799,694009,9606,BIOGRID
488,RCHY1,nsp3ab,PCA,physical,Ma-Lauer Y (2016),PUBMED:27519799,9606,694009,BIOGRID
489,RCHY1,TP53,PCA,physical,Ma-Lauer Y (2016),PUBMED:27519799,9606,9606,BIOGRID
490,nsp3ab,RCHY1,Affinity Capture-Western,physical,Ma-Lauer Y (2016),PUBMED:27519799,1335626,9606,BIOGRID
